index,disease_name,supplement name,supplement image,buy link
0,Apple___Apple_scab,Katyayani Prozol Propiconazole 25% EC Systematic Fungicide,"data:image/jpeg;base64,/9j/4AAQSkZJRgABAQAAAQABAAD/2wCEAAkGBxASEhUSEhESFRUWGBMVFRYSFhMVFRUTGBUaGBcWExUaHCggGBolGxYVITEhJSkrLi4uFx8zODMsNygtLisBCgoKDg0OGxAQGyslHx8tLS0tLi0tLTAtLS8tLS0tLS0rLS0tLS0tLS0tLS0tLS0tLS0tLS0tLS0tLS0tLS0tLf/AABEIAOEA4QMBEQACEQEDEQH/xAAcAAEAAgMBAQEAAAAAAAAAAAAABQYDBAcCAQj/xABCEAACAQIDBAYGCAQEBwAAAAAAAQIDEQQFIQYSMUEiUWFxgbEHEzKRocEUIzNCYnKy0VJzgpIWJKLCFUNUg7PS8f/EABsBAQADAQEBAQAAAAAAAAAAAAABAgMEBQYH/8QAMhEBAAICAQIEAwYGAwEAAAAAAAECAxEEITEFEhNBIjJRBhRCYXGhFSMkM4GxNGKRUv/aAAwDAQACEQMRAD8A7iAAAAAAAAAAAPgFWzna6MJOnRSk1o5vWKfUkuJpXHHeUbQrzmvUd5VJeD3V4JGtawrMvSm78eJdVuUptaRlJPjo2hOpRDawud1YPpPfXU+PgzG1I9l4lZMHi4VYqUHdcO1PqZjMaXbAAAAAAAAAAAAAAAAAAAAAAAAAAjtoK7hhq04uzjTm0+2xNe5DkmB5dqb8/wBjohNuiWw70/uLRDKW8uK8PIDep+14fMmUQwy5mcrQmtkpWnVj1qMl5P5GVoWWYokAAAAAAAAAAAAAAAAAAAAAAAAIja1/5Ov/AC5FqfMOV4D7vdPzZ16LSl8LHRd7DNvxg7rw8iBvwh0vD5kIYKkePj5lLLwlNmXatJdcX5xM7dkrSZpAAAAAAAAAAAAAAAAAAAAAAAACr7RZ3RqUq2Hpvfm4uLatuqT0s5dhtjxT3VtbSiYajuaPirr3tm+9ImdpTCvX9iNo02qb14siRuUuHP3smES9zp6aFZTEsuU4tUqu9JaWaduXDW3gUtG4St9OopJNO6eqfYYT0XegAAAAAAAAAAAAAAAAAAAAAAEPtbipUsHXnF2ahZPqcmo/MtSOpty3I8zp0r77487XN5y1qWrt6eOUpvcjKV3yVl4tmc5Zn5YRFW/Q9dyjFd7Jick+xOm3Sp1m9ZQt2X4jy5J90bq2F9IXOD95GssI3WXqOJrrV00+5lfNkjvC2qsUMfFuzTi+0j1Y9+ifKuWy870FrwlJLuuRbqhLkJAAAAAAAAAAAAAAAAAAAAAAILbbA1a+DqUqMd6ctyyuldKabtfsRak6naJcYzKk8LU3cTHcaUZbjtfXhoi17QtG5fKe0kn9nSsuTn0V4Ijz27RB5fq2sNnNeT+0hG/VG9veXrjyW91ZmtW9HGVb29e/CKNPu8/VT1I+iRpTrW0xEvGKaKThtHut54+g8xxEeMqcu9OLKWrkr12mJrL0s5p1OhVg4t8Ho1flZoxtk380L+V0DZCju4aOt95yl4XsvIt7KpoAAAAAAAAAAAAAAAAAAAAAAB8A/P3pYxFOWZzcJ77jGCl1Rmk04ru097LNccK5Qu+03pCL9IT+UYVyZ1Vhx2TNPCWlYmVYTdHDaIxmWjDiaBFtaTCBxtNwlo9DktWNNol1PYPMI1cJCK9qn0JLt4p9zRTWoRvqsZIAAAAAAAAAAAAAAAAAAAAAARm0uZrC4WtXf3INrtk9Ir3tE1jckvy3PESqVJTk25Sk5Sb1bbd2zXTTzahNYCi+ZrVna21y2cw/RvzNtueW4kpSvfW4mehWFhweGbSOebtdPuJwmlrDzkQrOc4SyMd7lfTZ2FzF0cTBX6FX6uS5X13H7/Mzt3HWkSAAAAAAAAAAAAAAAAAAAAAAFD9M+I3cucf46lNe68vkXp3RMOAYd6pGkyLXg0lEzrfqaWbI43Wh1QylsRj9b4k3+VNF0wPBHHLZ8xab4j2Qr+0Hs9xSnde3ZXKc7LeXGLjLxTuL9JViNu30pXin1pP3koewAAAAAAAAAAAAAAAAAAAAAKF6ZqSlgL9VSHxTRavccGoR1WheeyFnwkeic9PmTtatmJcrHoQxtLcxkN2stOotf5SkrdgI9FaHFLd9xVrMQhW8+XQKU7r27Ky10ZFMvdFXb8J7EPyx8jSFWUAAAAAAAAAAAAAAAAAAAAACm+lqnvZbV7JUn/rS+ZMb2PzxCvBSV5xXijf07THRG07h88w0YWdX3KT8kVxcPL5to88JfK9r8LSatKcub3YPT32O+OLkZTaHvMtv8I6ilGNZ2tfoxX+42+6XmCs9VsyXb2hU0p0q82leyVPTvvM4MvFmvWZdFerFmXpIwsG4zo4hSulu2hfhx9rgWpxLWjcKWt5Z6ovPttMN6unJwq2mm1pHgnZ36XYVx8K82mI9lrXiIiUXlme4evL1cN/ee7ZSjbj2mXI4WSnUpkiXfsMrQivwx8jnj8xlJAAAAAAAAAAAAAAAAAAAAAFR9KmH9ZltaN7a09exTRpi15o2id+z88YbZuD4rES/LCMV75M6/wCI8fHHxWg9HLPWKpfDbJ02vsK7/NVpR8rmdvHeHX8a33XNPtX90ngtlKavbC/3YiXyiUn7RcT6ymeFm/6/u+rZCn/0lLxxNf5IpP2n4sfX9lo4Gb/6hIZbs4qUrww2Hi+F1WxDZlk+0nFvGpi37NK8TLX8cf8AjPiNm4zacsNhm+tzr395Sv2j49ekRb9ieJknvZ7zTZ2E6dOLw2He4pJL1ldWTd9LEYvtFx6WmdW6/om/EvMa80MWR7OUaVaMnQUH0XGVOrUmrx1tJS7Lnbi8XxcvdK76Oa/Hvi67jTuOH9mPcvI5hkAAAAAAAAAAAAAAAAAAAAAArvpAhfAV+xQfunET2k93IsHE+TzdbS9OvSNJjDrQ5LNIbtFcSNpeooptPdnpoRIzbokeJ8C2kPFD249/yZ6/g0/z+nvDk5n9p0zC+xHuXkfROKGUAAAAAAAAAAAAAAAAAAAAACE21hfA4hfgb9zT+RMIcfwSPks/SZerXsmaEdDjt3XhtUY8SqWWMSqWWnEQllaJgeZR0J2qxwXSj3o9XwX/AJEf5cvN/tulYX2I/lj5H0rhZQAAAAAAAAAAAAAAAAAAAAAIvainvYPELrpVP0stXui3Z+fp7TUqFX1U4Tv0dVa2qT678zx58JyZ6zlrMa69HZHIivTTNjNpsPCc4+sxMGpNPcUXF200TfDQvh8E5F6xMREqTy4idTtv18/w9OnSqPEYhqpGUoxiley6L3vEyw+D8nJktSKRGl7cmtaxPXq85RtFhcRUjRVfFKUk93esk5W5NcHZMvyvBOXx6erNazEIpya2nU7atbbfB793TxMne1t6CTst3r8e86MX2c5NqRPmr1/L69VbcysdNT0SNXazD/R3X9VVd5KgoSmrtRW/du2ntdXJGUfZ/N6/pTaO29n334PNEMeB293/AFkZYZwcaVWpG829504uVn0Vo916l832aikRaMm92iJ1+ZTl36xaqx5Lj3XoUK7ioupZtJ3S1atc5uHxvu/iPpV6xG/9Lci034+5dVwP2cPyx8j2Z7uSOzOQkAAAAAAAAAAAAAAAAAAAABpZ0r4et/LqfpZavdE9n5mxuW4ivWq06O401RlJTsnw0cXbTgYY+Vg49InJM+7fyXv2Y8Rha7njY06VKcYt+slNRcoLdetNvVPjwPQxZsPlx2vaY321Pfr7sYpfdogwu5J5amrxe/Galw+2e8u43t6lY5Ex3iI1o+H4ErnWGpUs3wqowhCL9S7U0kruck9FztY4ODky5fC8s5JmZ69/0b5PL68eV92pxVCtXWCwlPDw6X1tbdhFJrVpS5Ja3fPgR4Rh5GDj/eeRa06j4a7RyMtb28kaZds8Fh6OEw0KEoyUarUpRablU3E25Nc7L3WJ8Jz8jk8nLbJGpmJ1CvJikUjyz2fNpsxoYnFp0JqcVhcVFuKaS+qqPn3l+Bx83HwTGXp8ca3+pe8ZL7r9Ej6Ps3lUp0qHqZKNJR+sd92UnUWi0twfWZ8jh0x8/wBeL7m2+n+FbWvOGazHSHdstlelB/hRExqVI7NkhIAAAAAAAAAAAAAAAAAAAADWzKN6NRdcJ/pZNZ1KJ7OKZXBJ3sr2im+fDTU+W50z6k129PF0rDZhlFGCxM1v/XxfrLdL7rXQXX0noRPPy29Ok/gnoenXrMe6Bq7L4SdGlSWIqJ03UcZunLWM9XFqx7dPHM1M9sk0jVojcb+jC3GxzHlj2fMj2Qw1CrCu8TKooTVoqlJdNJtOXOyte/Yacv7Q5c2Ocdcetx9SnGpE+bbG9h8JKeuKqtybdo0Xpd36tF2mlPtLmrSK+nGoj3mD7rj99p7LdlcFKjLDOOIlFzVXeqRlStLdUejKy5cjy+R45yvVjNTXTpqF68fF5ZiISeXZDl+Gb9XGnGUk4tznvSaf3ek3x6jj5XifO5EfHM6j6doaVpir2hKVYqO4kkkpU7JaJdNcivhWW1uZWbde/wDpHL16MxC95L9jDufmz6q0amXnR2bxUAAAAAAAAAAAAAAAAAAAAAYsUrwkvwy8iYRLgmPX1VRLs4fI8Std8+ImNxt15LT6E6+iEwtetFbu9OPZqnqfcR4VxL9Zxw+Xvy81J6WltxrYtaqdRK9uMkV/gvBt+FaPEM9Y7s9DEYuX/Nqf3S/cT4FwI/Cj+J8ie0tqcMStfWTu7K92TTwjgxGvJDO/iHJj8Uvf0GtLWc5PvZtHh/CpHw44ZTyuTfvaXnC4ZqpF3ejv8DLxTBhpwsk0rHafZPBz5LcqkWme674vS35qf64n5r4VP9XT/L7jk/25XnJfsY/1fqZ9df5peXHZvFUgAAAAAAAAAAAAAAAAAAAAPkuDA4PjVu79uT8pHizERz67n3dV5/p5/RGqpOpKMrXaXHuP0etY1qHxV5tvcrVgcPGtKLm2tEne7ucWXJbF2deCtcnzJ15JSg009OqyueJzPHYwRMW7vTxeHRaejK8votcJaa8Ynjx9qcm9+To6p8JpPuTypNXjr19fij2/D/F8fK7dJcmfw+adNIjMsCoRk7apSfwO7nZZtxckflP+nHgwRXPSfzhI49dHxj+pH514bOuVWfzfW5/7Urrkcr0l3z/Uz7PL88vLr2SBmkAAAAAAAAAAAAAAAAAAAAAA4ZmytOquqb+FQ8Lkz5OZ5vo64j+TO/oxZR6iTVt33pH0H8f8tfjiYfORxqTbe1vy9UE9Errlf5HJyPHcfpWmJd+Hi1i0dG2q+uqvfrei/c+IvebzNrTt7sRGtN6NWpa948OFkr9nA0jkX13hnMUrL7QrRWrumuStZp68ORvwuRTFki8zMSrmiZjp1RudYuk6dRKOrhNK75uLPey+NzkpOOK9J6bedXDSLxMz7seO+zv2fseH4fOuVX9Xr5o3ildciX1S75eZ9vm+eXk07JAyWAAAAAAAAAAAAAAAAAAAAAGBw/aJWrYhdU6n/kZ4XM/5LsjfozHfopWLxyU1Dds+jvaWktFwOzBi3Wbd3zd8c73Kz4XFS+qcVVcb3VXW9PsfXF80eXlxx8UW1v6OvBa86mFvp5hGKu7e1uaa2bbbf5ba+B484bTOoejGeNdWeWPnf2qagldXblOXb1R+JFcNe2p3+yts892DF5tHdavZ27Wb4+Lbal+fXy6QVfE1Jt21XNKP3ebvyPSpjx1jr3efTLe+SsxvW1qrJOl/SvI8/hT/AFNf1fTZf7c/oueSL6pd8vM+6zfPLx6fLDfMlwAAAAAAAAAAAAAAAAAAAAADj20tNfTa65b749qTfmfP+JbjLuHfg+RryymhU1lBX5Pj53R51eTlp0iWtsNLd4btLLkklCbilwSSt8LGU5+u7R1V+7Y+z1Tymzb3o9LR3U9Vw/j6vkVnkfSFPuWPu2lll9W46/hl/wC5WOTr2RPBx/RlhlVPx7IwXmmPvNl44mKPZuQwNNK1r8+k3Je56FJzWltXHWvZ5xnsS7E/Ivxbaz0/WE5I+GVwyN/VW6m/JP5n3+aPjl4mPskTJcAAAAAAAAAAAAAAAAAAAAB8YHHtsFfHV0pOKUrtrjfciZRx8WS0zkj2bU82oiPdr5bipWjv3alom1Zxf8M18zyud4VWaTlw+3s64yWpbyWbdbNIwm4b0b2TScZ34cbpM8enH89YnTab9WxRzVNOV6W6t2735Li0o6OPO+ngZX4sxOupFm3LNqEWk5pN73KWu7x5f/TOONkntCfPD7UzenG1o1JXUX0IN8ZOOrfDWL9wrxbzPseaHmpm07XVLdj/ABTlbu6NrvtXHsfPWONHbfVWbPlOUpKpJuT6HB2Sva7cVxt2tItjrEZKaj3hNutZ19F5yCV4SXVL/bE+5zR8Tw8fZKmTUAAAAAAAAAAAAAAAAAAAAAYHAttcx9VmmJhU9lyi4u9nfdi9Hwv32TOuvHtfy3rPt1j6qxlmk9ezZyrFRnNx9ZDW0rTvGbelnZuz4LhocfM5H3elt453P/jprvLNfiS+Ko3k0291qK7Fzuk4tcj46L6jrHV6Hl/Ni3aadt5OP3lahZvV3d1x1sTN51+f+UabDhDevG0VdaJULPr1s3rw8SsXnXWf9mmeOGb4b8uC3XKpuJdVoxS+JFbTvp+xqI7vVStSpaSlGLd7Rit6o9Er7sby+J04uHyORP8ALpM/spOWlFaz3bKjRbjBXk3ZwunOT6pbulNN2vduTV1pxPqfC/s1aloy8ifz04ORzJtGqOnejzGTrYRVaitOT6ata0t2LenLidXLmPUmK9nNirqOq0HO1AAAAAAAAAAAAAAAAAAAAAAOFekjKoVswrKd17LTXFXgved2DJNaqWruVFxOUYyhdUpKpB67tlJeNOV17jppy8c9LrRgnXQw+0mJo6Soyjb+B1qP+lPd+AvwuFm7xH+EbyUnpMt7/HtX+Kv4VYPzpifAeDb8P7nr5vqy/wCP6z4PEPvqwj+mmmKfZ/gR18v7qznze8vn/HMbXVoYWc2+tYnEP+1ycfgdNPDuFi9q/sz8+S3vKSwWyGc4pbk19GovippUk/8AtQV34mluZxsPyRv9E1wzPeUpg9jMPg9ftaq+/JWSfPcjy8bs83keIXy9PZ0+lEQ6X6OW/o9T+bL9ETz7qLYiqQAAAAAAAAAAAAAAAAAAAAADke30P8/N/hp/pOvFG6qz3VnEe0cWbu9LDHwpfJopyV1fvVxjtMF4SOc5Zh3a9GlrxvCH7HbGW8R0llSsT3bmzuW4dezQpJp8VTgvjYn1bz3lTJWIXairWSStbkY2mWLHUVmVt2Wqp2fQ6TKw0tG4T3o3b9TVXL1mnfuq/wAhZzreVAAAAAAAAAAAAAAAAAAAAABgc39ImXSjXVe3QnFRb6pxvo+9WOnDbppXXVz6pWvNs5Mvd6+KPhhO5LLpLwIoXjosOcR0R1+zGkM2z3zQUzQt9NaRfh7ysuZjnq0VsmFYzqg5T3YptvRJcX3Gbb8K27O5Z9HoRh953lL8z4+7ReBMuVKEAAAAAAAAAAAAAAAAAAAAAABhxWGhUi4TipRfFPgxEzA5znvo2km54We9z9XUev8ATP8AcrMbduHk1r0sg8PluIoTXraNSFnxcXb3rQmvR1TkraNxKbzKtCUY2afczo30Y0r1ZMjla92lwd212jauWFqji6W7becn1RTb+BWXL5WaFGrN3jHcXXU4+Ef3KzMI6Q28Fl0YPffSm+Mn5JckVVm0y3iFQAAAAAAAAAAAAAAAAAAAAAAB8AEoY8R7JC9O6oYn2pd7NfZ3U7MeF4gutmF5dxWXJZtGbKX0kfQAAAAAAAAAAAA//9k="
1,Apple___Black_rot,Magic FungiX For Fungal disease,https://encrypted-tbn3.gstatic.com/shopping?q=tbn:ANd9GcTZZH2SUe7Hufpd49iFoF_04c96J-fZeywsYQXDb0gFerGOYyL7xPBxLN05LIx6s36u6C_qMvtescsDbrTEzniJp0yhfEsvJoTCMD7FDnI&usqp=CAE,https://agribegri.com/products/buy-fungicide-online-india--organic-fungicide--yield-enhancer.php
2,Apple___Cedar_apple_rust,Katyayani All in 1 Organic Fungicide,https://encrypted-tbn2.gstatic.com/shopping?q=tbn:ANd9GcT2JQ-fAdtrzzmkSespqEpKwop3BnWntsLioVSgjy79mpxQVPSqoD4v9yfL0mtiFJvFnPqeE7EcefadhdEpc9uUTCZbROwOPsklL_XDMSLTpxOGvIcBMMFiBQ&usqp=CAE,https://agribegri.com/products/buy-organic-fungicide-all-in-1-online--organic-fungicide-.php
3,Apple___healthy,Tapti Booster Organic Fertilizer,https://rukminim1.flixcart.com/image/416/416/kc6jyq80/soil-manure/6/y/v/500-tapti-booster-500-ml-green-yantra-original-imaftd6rrgfhvshc.jpeg?q=70,https://agribegri.com/products/tapti-booster-500-ml--organic-fertilizer-online-in-india.php
4,Background_without_leaves,,,
5,Blueberry___healthy,GreenStix Fertilizer,https://encrypted-tbn3.gstatic.com/shopping?q=tbn:ANd9GcSW_S8Mrnq0lLnXWCSPPlONkrPbkB8C3Gy9613OGD0ZaejmP5UNRf8LFnXUYJTM64BC1VYLYcYSbSSv-qVTV15RzDJZipvzsikme8oHSEtVX_ZKDiUQpnbHPQ&usqp=CAE,https://lazygardener.in/products/greenstix?variant=30920527020087&currency=INR&utm_medium=product_sync&utm_source=google&utm_content=sag_organic&utm_campaign=sag_organic&utm_campaign=gs-2019-10-29&utm_source=google&utm_medium=smart_campaign
6,Cherry___Powdery_mildew,ROM Mildew Clean,https://encrypted-tbn0.gstatic.com/shopping?q=tbn:ANd9GcSeHlqcksdF25o8mv-fYxNOrfJkp4Ov2hgVf01w2aCed1WbyL604ubLtPAlB7rfNoHRtxbTljQvA7P3VRh8LM0XndFHWDqvC4kC4w-DLQiknnS3vRzAxTpP&usqp=CAE,https://agribegri.com/products/rom-mildew-clean-1-kg--price-of-organic-fungicide-online-.php
7,Cherry___healthy,Plantic Organic BloomDrop Liquid Plant Food ,https://encrypted-tbn3.gstatic.com/shopping?q=tbn:ANd9GcSpHb-xEa2rTSIEf5QtLMbax4zvRsTzD4kAwQ9Rcwr3AbDDQxUhmMmPJBVGLCAvczXrXAqwWKN-rReHwSR-XSGlsJRLvZOKRXHV-54uLhU_6EIuBq5BHXaAwg&usqp=CAE,https://plantic.in/products/organic-bloomdrop
8,Corn___Cercospora_leaf_spot Gray_leaf_spot,ANTRACOL FUNGICIDE,https://encrypted-tbn2.gstatic.com/shopping?q=tbn:ANd9GcTm0wIanaB9OdUkuH9IJ-bHG_qyungwi2lWnmkFmze9VFU1yeSuRO3wImAhPfEJwuBZXPSEf5QwZhieERwrlE5H7lg_8bvf&usqp=CAE,https://www.bighaat.com/products/antracol?variant=14521365063&currency=INR&utm_medium=product_sync&utm_source=google&utm_content=sag_organic&utm_campaign=sag_organic
9,Corn___Common_rust,3 STAR M45 Mancozeb 75% WP Contact Fungicide,https://encrypted-tbn2.gstatic.com/shopping?q=tbn:ANd9GcT86avIdiTsKNdgo0Uss9r2tkn9pcx6VCGHeaubXDiR0u_fqqyXomgc1BBviREao7BM_eQiR6tbLCzUxG5VzS4du5DgwBVbtwSLuTEexpI&usqp=CAE,https://agribegri.com/products/buy-online-3-star-m45-mancozeb-75-wp.php
10,Corn___Northern_Leaf_Blight,QUIT (Carbendazim 12% + Mancozeb 63% WP) Protective And Curative Fungicide,https://encrypted-tbn0.gstatic.com/shopping?q=tbn:ANd9GcRO2FK6IsSuUuQQ0ehzVKIsEdgjCGbMq2nBmOsUp38ajgm8dPwR9MvTBL9_PFRZVRkbtiAzdwP8lwGlrR1c7axKHE6VALk6l3X4Snu9HWFCKpVCFYly65Bs&usqp=CAE,https://agribegri.com/products/buy-carbendazim-12--mancozeb-63-online--buy-fungicide-online.php
11,Corn___healthy,Biomass Lab Sampoorn Fasal Ahaar (Multipurpose Organic Fertilizer & Plant Food),https://encrypted-tbn3.gstatic.com/shopping?q=tbn:ANd9GcRC_8hhC12Kbw0e0w-afXO9kzWJHG1LchaIa66xnIpU6OmZLnY3OzCrRd2ilBS9bSjI9jQI0hJ6Z20SUk7nf7uCukqv77aTun147K5g2Ec&usqp=CAE,https://www.flipkart.com/biomass-lab-sampoorn-fasal-ahaar-multipurpose-organic-fertilizer-plant-food-1-kg-fertilizer-manure/p/itm69c56f2e19c6a?pid=SMNFM3999GGTXFJZ&lid=LSTSMNFM3999GGTXFJZPRQ8CT&marketplace=FLIPKART&cmpid=content_soil-manure_8965229628_gmc
12,Grape___Black_rot,Southern Ag Captan 50% WP Fungicide,https://images-na.ssl-images-amazon.com/images/I/51s1IbUD-qL.jpg,https://www.cart2india.com/beneficial-insects/southern-ag-captan-50-wp-fungicide-8-oz/00000000004336428163
13,Grape___Esca_(Black_Measles),ALIETTE FUNGICIDE,https://farmagritech.com/wp-content/uploads/2020/03/ALIETTE.png,https://farmagritech.com/product/aliette-fungicide/?attribute_pa_size=100gm&utm_source=Google%20Shopping&utm_campaign=Google%20shopping%20feed%201&utm_medium=cpc&utm_term=2578
14,Grape___Leaf_blight_(Isariopsis_Leaf_Spot),"Tebulur Tebuconazole 10% + Sulphur 65% WG , Advance Broad Spectrum Premix Fungicides",https://encrypted-tbn1.gstatic.com/shopping?q=tbn:ANd9GcQPzI0SnMtb60x2D1gGkRHsvD1j7NRl8Y7pjuIyuyrTxdpvUOpci7NxHWxt4Gfn3ETrCrgWKvGPH-jmbboE2vi4b4MiTq3kZKMdHFUSctUmXcH9ZRed0j4-&usqp=CAE,https://agribegri.com/products/buy-tebuconazole-10--sulphur-65-wg-online--online-agro-store.php
15,Grape___healthy,Sansar Green Grapes Fertilizer Fertilizer,https://rukminim1.flixcart.com/image/416/416/k51cpe80/soil-manure/4/m/h/400-grapes-fertilizer-sansar-green-original-imafntdujntbdner.jpeg?q=70,"https://www.flipkart.com/sansar-green-grapes-fertilizer/p/itm90f06136b50c7?pid=SMNFNT8F7FCQJ4MH&lid=LSTSMNFNT8F7FCQJ4MHMXEELG&marketplace=FLIPKART&cmpid=content_soil-manure_730597647_g_8965229628_gmc_pla&tgi=sem,1,G,11214002,g,search,,476044024748,,,,c,,,,,,,&ef_id=Cj0KCQjwsLWDBhCmARIsAPSL3_0d3lBg14nXBbhJeTP7z5mqzpyHXmv4c7cL9mW4MqCBlnskpoMB8C0aArWREALw_wcB:G:s&s_kwcid=AL!739!3!476044024748!!!g!293946777986!&gclsrc=aw.ds"
16,Orange___Haunglongbing_(Citrus_greening),Green Dews CITRUS PLANT FOOD Fertilizer ,https://rukminim1.flixcart.com/image/416/416/ju79hu80/soil-manure/x/m/b/400-citrus-plant-food-green-dews-original-imaffbxhn3rz8k5p.jpeg?q=70,https://www.flipkart.com/green-dews-citrus-plant-food-fertilizer/p/itmffde2heg7hkq2?pid=SMNFFBY9Z8DVTXMB&lid=LSTSMNFFBY9Z8DVTXMBEL4PDT&marketplace=FLIPKART&cmpid=content_soil-manure_8965229628_gmc
17,Peach___Bacterial_spot,SCORE FUNGICIDE,https://encrypted-tbn1.gstatic.com/shopping?q=tbn:ANd9GcQ5shxq773t5Lmux-hhShKezjR64Af41W6NdhsDMXI-dNSAVvfY45rb5iHxMaqZXBdtFnfuiIcN8PdQ06YcYZi3gq6Uow-j&usqp=CAE,https://www.bighaat.com/products/score-fungicide?variant=27949138149399&currency=INR&utm_medium=product_sync&utm_source=google&utm_content=sag_organic&utm_campaign=sag_organic
18,Peach___healthy,Jeevamrut (Plant Growth Tonic),https://cdn.shopify.com/s/files/1/0047/9730/0847/products/nurserylive-fertilizer-jeevamrut-plant-growth-tonic-500-ml-for-garden_jpg_600x600.jpg?v=1607402323,https://nurserylive.com/products/jeevamrut-plant-growth-tonic-250-ml-for-garden?variant=34163328811148
19,"Pepper,_bell___Bacterial_spot",Systemic Fungicide (Domark) Tetraconazole 3.8% w/w (4% w/v) EW,https://encrypted-tbn0.gstatic.com/shopping?q=tbn:ANd9GcQNEP3gEC77FdOUBy_xUgIbq7UU_N2TX1zRwCFvtl02Kz5-a6X2ZhXPAhf9y0kLieGR2VTVarUnZP_JMs0kFtEw-LqJwVSMHsjGP4Bz9scPPIB6NCLtcD7JNA&usqp=CAE,https://agribegri.com/products/buy-systemic-fungicide-online--tetraconazole-38--domark-.php
20,"Pepper,_bell___healthy",Casa De Amor Organic Potash Fertilizer,https://cdn.shopify.com/s/files/1/1489/8850/products/Organic_Potash-1_869x869.jpg?v=1583399466,https://www.casagardenshop.com/products/organic-potash-fertilizer-for-gardening-improves-size-of-flowers-fruits-and-vegetables-by-casa-de-amor-1-kg-1?variant=40073291088&currency=INR&utm_medium=product_sync&utm_source=google&utm_content=sag_organic&utm_campaign=sag_organic&utm_campaign=gs-2020-02-08&utm_source=google&utm_medium=smart_campaign
21,Potato___Early_blight,Parin Herbal Fungicides (With Turmeric Extract),https://encrypted-tbn3.gstatic.com/shopping?q=tbn:ANd9GcQzAaBb9Tc2B0iXiYc08qD2WM4vjAz4TZHI6qwj-D7nck2bbtYQUnnODSqPSK_Vz5NR1Am8aRbc2Rd0anzqgVKWq-0OlZ6wkjE-3x0jXihQ9F0kO8nJu7FT&usqp=CAE,https://agribegri.com/products/buy-herbal-fungicide-online-india--buy-pesticides-online.php
22,Potato___Late_blight,Syngenta Ridomil gold Fungicide ,https://krushikendra.com/image/cache/catalog/syngenta/RIDOMIL-GOLD-800x800.jpg,https://krushikendra.com/Buy-Syngenta-Ridomil-gold-Fungicide-250%20gram
23,Potato___healthy,Saosis Fertilizer for potato Fertilizer,https://rukminim1.flixcart.com/image/416/416/kfvfwy80/soil-manure/6/p/g/30-fertilizer-for-potato-saosis-original-imafw8b3sgcyrhh4.jpeg?q=70,"https://www.flipkart.com/saosis-fertilizer-potato/p/itmc40dfbfcd49f7?pid=SMNFW8B3DTY2V6PG&lid=LSTSMNFW8B3DTY2V6PGHC2BXS&marketplace=FLIPKART&cmpid=content_soil-manure_730597647_g_8965229628_gmc_pla&tgi=sem,1,G,11214002,g,search,,476044024748,,,,c,,,,,,,&ef_id=Cj0KCQjwsLWDBhCmARIsAPSL3_3TcmjyWFqJEZtCD0SQiDb9UFyESkiYtgU35W5Qs_KnTCkDS_Px2Y4aArmBEALw_wcB:G:s&s_kwcid=AL!739!3!476044024748!!!g!293946777986!&gclsrc=aw.ds"
24,Raspberry___healthy,"Karen's Naturals, Organic Just Raspberries",https://s3.images-iherb.com/jte/jte29001/v/6.jpg,https://in.iherb.com/pr/Karen-s-Naturals-Organic-Just-Raspberries-1-5-oz-42-g/37730?gclsrc=ds
25,Soybean___healthy,Max Crop Liquid Fertilizer,https://encrypted-tbn0.gstatic.com/shopping?q=tbn:ANd9GcRyFZFHGj1Wi0fabSOYVadCnsg8UdvhpKOHI6gxmItDLmz7RdC67HFFNyU7PYyD6SnlgXOs31yW_8-YWJKOeal7K4UQ3lAIxef-4x350ac&usqp=CAE,https://agribegri.com/products/max-crop-1-litre.php
26,Squash___Powdery_mildew,No powdery mildew 1 quart,https://cdn.shopify.com/s/files/1/1667/9587/products/415B_2BfINScL.jpg?v=1536320654,https://kiron.co.in/products/B0068WMLE2
27,Strawberry___Leaf_scorch,Greatindos Premium Quality All in 1 Organic Fungicide,https://encrypted-tbn3.gstatic.com/shopping?q=tbn:ANd9GcSV3dLQAuhGWWsZSX3Ray15J_uSeFgSo7oLE0G2BxPFSwVNnOUY7VsBbLzDbw_mzUw3ZFLaF4kPWPyzatefP2bnSZwEbwrYnGGYgEl8rS6XWmwRnloOWnwy&usqp=CAE,https://agribegri.com/products/buy-organic-fungicide-online--organic-fungicide-with-best-rate-.php
28,Strawberry___healthy,SWISS GREEN ORGANIC PLANT GROWTH PROMOTER STRAWBERRY Fertilizer,https://rukminim1.flixcart.com/image/416/416/k2urhjk0/soil-manure/q/y/d/500-organic-plant-growth-promoter-strawberry-swiss-green-original-imafm3vx8mzyhxzg.jpeg?q=70,https://www.flipkart.com/swiss-green-organic-plant-growth-promoter-strawberry-fertilizer-manure/p/itmcaf7955b802fa?pid=SMNFM3TT2RNZEQYD&lid=LSTSMNFM3TT2RNZEQYDIGMSRD&marketplace=FLIPKART&cmpid=content_soil-manure_8965229628_gmc
29,Tomato___Bacterial_spot,CUREAL Best Fungicide & Bactericide,https://encrypted-tbn1.gstatic.com/shopping?q=tbn:ANd9GcRKHQh4EwbE0ksZ_RTOhsGtvTO68zllR9djrYvUrZ-DO6FYo2kYpmyFL8UgaK6aiHJuUWbkax_uhcxMpGfwSHa2CKWqaIZnFp1vIRbGkrZhtGv-Zq-72y61&usqp=CAE,https://agribegri.com/products/cureal---best-fungicide--bactericide-zinc-based-250-ml.php
30,Tomato___Early_blight,NATIVO FUNGICIDE,https://farmagritech.com/wp-content/uploads/2019/11/F-Nativo-3.jpg,https://farmagritech.com/product/nativo-fungicide/?attribute_pa_size=50gm&utm_source=Google%20Shopping&utm_campaign=Google%20shopping%20feed%201&utm_medium=cpc&utm_term=1326
31,Tomato___Late_blight,ACROBAT FUNGICIDE,https://encrypted-tbn3.gstatic.com/shopping?q=tbn:ANd9GcRpQmIM9QZkFI43PPlHVFaSlGdrdMP8LFHXAo9b_OGOQCi3R6G-SsqnCXFR4CU9bVAcyuBGTrQRAkRrU9fm-1TGeXg9PrsB&usqp=CAE,https://www.bighaat.com/products/acrobat-fungicide?variant=31177935519767&currency=INR&utm_medium=product_sync&utm_source=google&utm_content=sag_organic&utm_campaign=sag_organic
32,Tomato___Leaf_Mold,Virus Special (Set of Immuno 1 ltr + Enviro 1 ltr),https://encrypted-tbn1.gstatic.com/shopping?q=tbn:ANd9GcQfgH6lswqhV2hUhqZwEfgQBU1eUP1GCvETxg_a3JFOERS2tc80k8gNMbHM_XxReblck1T7tR95X8Qojdj1k0yAyvhmCZHvkFWaT_L-a8ofElEXerVJqvsF&usqp=CAE,https://agribegri.com/products/virus-special-enviroimmuno-1-litre.php
33,Tomato___Septoria_leaf_spot,Roko Fungicide,https://farmagritech.com/wp-content/uploads/2020/05/roko-insecticide.jpg,https://farmagritech.com/product/roko-fungicide/?attribute_pa_size=500gm&utm_source=Google%20Shopping&utm_campaign=Google%20shopping%20feed%201&utm_medium=cpc&utm_term=3239
34,Tomato___Spider_mites Two-spotted_spider_mite,OMITE INSECTICIDE,https://encrypted-tbn1.gstatic.com/shopping?q=tbn:ANd9GcQxe-M4vyRx94TlpTOw6tlzvagjvaTRCWRLoKd58JML7T3rSV8GJK67YjxIiR-PHL02DL2CHsHPLzExBf6uq7BqxcLPxgmh9w&usqp=CAE,https://www.bighaat.com/products/omite-insecticide?variant=31276117196823&currency=INR&utm_medium=product_sync&utm_source=google&utm_content=sag_organic&utm_campaign=sag_organic
35,Tomato___Target_Spot,Propi Propineb 70% WP Fungicide for Plants Diesese Control Pesticide,https://rukminim1.flixcart.com/image/416/416/k3xcdjk0/soil-manure/y/f/j/100-propineb-70-wp-fungicide-for-plants-diesese-control-propi-original-imafmxg3jghhdyt6.jpeg?q=70,"https://www.flipkart.com/propi-propineb-70-wp-fungicide-plants-diesese-control-pesticide/p/itm9db96656402f8?pid=SMNFMX8FJJHZAYFJ&lid=LSTSMNFMX8FJJHZAYFJDGFGXW&marketplace=FLIPKART&cmpid=content_soil-manure_730597647_g_8965229628_gmc_pla&tgi=sem,1,G,11214002,g,search,,476044024748,,,,c,,,,,,,&ef_id=Cj0KCQjwsLWDBhCmARIsAPSL3_2bIC4skU03mHTgG2GvlhsFQstQaLrFyAaL10NTTCDsuI9BoffpPFUaAjn1EALw_wcB:G:s&s_kwcid=AL!739!3!476044024748!!!g!293946777986!&gclsrc=aw.ds"
36,Tomato___Tomato_Yellow_Leaf_Curl_Virus,Syngenta Amistor Top Fungicide,https://krushikendra.com/image/cache/catalog/Sygenta/syngenta-amistar-top-fungicides-500x500-800x800.jpg,https://krushikendra.com/Buy-Syngenta-Amistor-Top-Fungicide-100-ml-Online
37,Tomato___Tomato_mosaic_virus,V Bind Viral Disease Special,https://encrypted-tbn1.gstatic.com/shopping?q=tbn:ANd9GcRmHRAqOUGXt76NPfOMXrUVRvDt8gRYd3-HTexGYI0d4PNmDuLXbfTchIRipVD-hx1wob7hHyVTbmyS85fTcADpBUMezetO&usqp=CAE,https://agribegri.com/products/viricide-online-.php
38,Tomato___healthy,"Tomato Fertilizer Organic, for Home, Balcony, Terrace & Outdoor Gardening",https://cdn.shopify.com/s/files/1/1489/8850/products/Tomato_feretilizer-new_869x868.jpg?v=1582699319,https://www.casagardenshop.com/products/tomato-fertilizer-for-home-terrace-outdoor-gardening?variant=32106353131619&currency=INR&utm_medium=product_sync&utm_source=google&utm_content=sag_organic&utm_campaign=sag_organic&utm_campaign=gs-2020-02-08&utm_source=google&utm_medium=smart_campaign
